gpu,vendor,device,driver,config,test,base,iters,ms,ns_per_step,units,units_vs_base,step,note
"NVIDIA GeForce GT 1030",0x10DE,0x1D01,32.0.15.6094,tput,mad,,16,3.6987,0.001722,4.000,4.000,"mad(x, c.x, c.y)","reference: one fma per step"
"NVIDIA GeForce GT 1030",0x10DE,0x1D01,32.0.15.6094,dep,mad,,64,2.1668,0.002018,4.000,4.000,"mad(x, c.x, c.y)","reference: one fma per step"
"NVIDIA GeForce GT 1030",0x10DE,0x1D01,32.0.15.6094,lat,mad,,65536,3.7168,0.055400,4.000,4.000,"mad(x, c.x, c.y)","reference: one fma per step"
"NVIDIA GeForce GT 1030",0x10DE,0x1D01,32.0.15.6094,tput,add,mad,8,3.4753,0.003237,7.517,3.517,"mad(x + c.z, c.x, c.y)",""
"NVIDIA GeForce GT 1030",0x10DE,0x1D01,32.0.15.6094,dep,add,mad,32,2.5457,0.004742,9.399,5.399,"mad(x + c.z, c.x, c.y)",""
"NVIDIA GeForce GT 1030",0x10DE,0x1D01,32.0.15.6094,lat,add,mad,32768,3.7724,0.112426,8.117,4.117,"mad(x + c.z, c.x, c.y)",""
"NVIDIA GeForce GT 1030",0x10DE,0x1D01,32.0.15.6094,tput,sub,mad,8,3.4755,0.003237,7.517,3.517,"mad(c.z - x, c.x, c.y)",""
"NVIDIA GeForce GT 1030",0x10DE,0x1D01,32.0.15.6094,dep,sub,mad,32,2.5457,0.004742,9.399,5.399,"mad(c.z - x, c.x, c.y)",""
"NVIDIA GeForce GT 1030",0x10DE,0x1D01,32.0.15.6094,lat,sub,mad,32768,3.7724,0.112427,8.117,4.117,"mad(c.z - x, c.x, c.y)",""
"NVIDIA GeForce GT 1030",0x10DE,0x1D01,32.0.15.6094,tput,mul,mad,8,2.0907,0.001947,4.522,0.522,"mad(x * c.z, c.x, c.y)",""
"NVIDIA GeForce GT 1030",0x10DE,0x1D01,32.0.15.6094,dep,mul,mad,64,2.1593,0.002011,3.986,-0.014,"mad(x * c.z, c.x, c.y)",""
"NVIDIA GeForce GT 1030",0x10DE,0x1D01,32.0.15.6094,lat,mul,mad,65536,3.9393,0.058701,4.238,0.238,"mad(x * c.z, c.x, c.y)",""
"NVIDIA GeForce GT 1030",0x10DE,0x1D01,32.0.15.6094,tput,mad2,mad,8,3.6741,0.003422,7.947,3.947,"mad(mad(x, c.z, c.w), c.x, c.y)","a second mad"
"NVIDIA GeForce GT 1030",0x10DE,0x1D01,32.0.15.6094,dep,mad2,mad,32,3.3137,0.006172,12.234,8.234,"mad(mad(x, c.z, c.w), c.x, c.y)","a second mad"
"NVIDIA GeForce GT 1030",0x10DE,0x1D01,32.0.15.6094,lat,mad2,mad,32768,3.8840,0.115753,8.358,4.358,"mad(mad(x, c.z, c.w), c.x, c.y)","a second mad"
"NVIDIA GeForce GT 1030",0x10DE,0x1D01,32.0.15.6094,tput,min,mad,4,2.5027,0.004662,10.826,6.826,"mad(min(x, c.z), c.x, c.y)",""
"NVIDIA GeForce GT 1030",0x10DE,0x1D01,32.0.15.6094,dep,min,mad,32,2.8987,0.005399,10.702,6.702,"mad(min(x, c.z), c.x, c.y)",""
"NVIDIA GeForce GT 1030",0x10DE,0x1D01,32.0.15.6094,lat,min,mad,32768,3.7731,0.112448,8.119,4.119,"mad(min(x, c.z), c.x, c.y)",""
"NVIDIA GeForce GT 1030",0x10DE,0x1D01,32.0.15.6094,tput,max,mad,4,2.5025,0.004661,10.825,6.825,"mad(max(x, c.z), c.x, c.y)",""
"NVIDIA GeForce GT 1030",0x10DE,0x1D01,32.0.15.6094,dep,max,mad,32,2.8988,0.005399,10.703,6.703,"mad(max(x, c.z), c.x, c.y)",""
"NVIDIA GeForce GT 1030",0x10DE,0x1D01,32.0.15.6094,lat,max,mad,16384,1.8893,0.112610,8.131,4.131,"mad(max(x, c.z), c.x, c.y)",""
"NVIDIA GeForce GT 1030",0x10DE,0x1D01,32.0.15.6094,tput,neg,mad,8,1.8922,0.001762,4.093,0.093,"mad(-x, c.x, c.y)","source modifier"
"NVIDIA GeForce GT 1030",0x10DE,0x1D01,32.0.15.6094,dep,neg,mad,64,2.1668,0.002018,4.000,0.000,"mad(-x, c.x, c.y)","source modifier"
"NVIDIA GeForce GT 1030",0x10DE,0x1D01,32.0.15.6094,lat,neg,mad,65536,3.7172,0.055390,3.999,-0.001,"mad(-x, c.x, c.y)","source modifier"
"NVIDIA GeForce GT 1030",0x10DE,0x1D01,32.0.15.6094,tput,abs,mad,8,3.4755,0.003237,7.517,3.517,"mad(abs(x), c.x, c.y)","source modifier"
"NVIDIA GeForce GT 1030",0x10DE,0x1D01,32.0.15.6094,dep,abs,mad,64,3.7857,0.003526,6.989,2.989,"mad(abs(x), c.x, c.y)","source modifier"
"NVIDIA GeForce GT 1030",0x10DE,0x1D01,32.0.15.6094,lat,abs,mad,32768,3.6301,0.108185,7.811,3.811,"mad(abs(x), c.x, c.y)","source modifier"
"NVIDIA GeForce GT 1030",0x10DE,0x1D01,32.0.15.6094,tput,negabs,mad,8,3.4755,0.003237,7.517,3.517,"mad(-abs(x), c.x, c.y)","source modifiers"
"NVIDIA GeForce GT 1030",0x10DE,0x1D01,32.0.15.6094,dep,negabs,mad,64,3.7857,0.003526,6.989,2.989,"mad(-abs(x), c.x, c.y)","source modifiers"
"NVIDIA GeForce GT 1030",0x10DE,0x1D01,32.0.15.6094,lat,negabs,mad,32768,3.6291,0.108154,7.809,3.809,"mad(-abs(x), c.x, c.y)","source modifiers"
"NVIDIA GeForce GT 1030",0x10DE,0x1D01,32.0.15.6094,tput,saturate,mad,16,3.8980,0.001815,4.216,0.216,"mad(saturate(x), c.x, c.y)","output modifier of the previous mad"
"NVIDIA GeForce GT 1030",0x10DE,0x1D01,32.0.15.6094,dep,saturate,mad,64,2.2341,0.002081,4.124,0.124,"mad(saturate(x), c.x, c.y)","output modifier of the previous mad"
"NVIDIA GeForce GT 1030",0x10DE,0x1D01,32.0.15.6094,lat,saturate,mad,65536,3.7372,0.055689,4.021,0.021,"mad(saturate(x), c.x, c.y)","output modifier of the previous mad"
"NVIDIA GeForce GT 1030",0x10DE,0x1D01,32.0.15.6094,tput,clamp,mad,2,2.0765,0.007736,17.966,13.966,"mad(clamp(x, c.z, c.w), c.x, c.y)","AMD: v_med3"
"NVIDIA GeForce GT 1030",0x10DE,0x1D01,32.0.15.6094,dep,clamp,mad,16,2.0500,0.007637,15.138,11.138,"mad(clamp(x, c.z, c.w), c.x, c.y)","AMD: v_med3"
"NVIDIA GeForce GT 1030",0x10DE,0x1D01,32.0.15.6094,lat,clamp,mad,16384,2.7616,0.164602,11.885,7.885,"mad(clamp(x, c.z, c.w), c.x, c.y)","AMD: v_med3"
"NVIDIA GeForce GT 1030",0x10DE,0x1D01,32.0.15.6094,tput,floor,mad,4,3.2297,0.006016,13.971,9.971,"mad(floor(x), c.x, c.y)",""
"NVIDIA GeForce GT 1030",0x10DE,0x1D01,32.0.15.6094,dep,floor,mad,32,3.1867,0.005936,11.766,7.766,"mad(floor(x), c.x, c.y)",""
"NVIDIA GeForce GT 1030",0x10DE,0x1D01,32.0.15.6094,lat,floor,mad,16384,2.3532,0.140259,10.127,6.127,"mad(floor(x), c.x, c.y)",""
"NVIDIA GeForce GT 1030",0x10DE,0x1D01,32.0.15.6094,tput,ceil,mad,4,3.2297,0.006016,13.971,9.971,"mad(ceil(x), c.x, c.y)",""
"NVIDIA GeForce GT 1030",0x10DE,0x1D01,32.0.15.6094,dep,ceil,mad,32,3.1867,0.005936,11.766,7.766,"mad(ceil(x), c.x, c.y)",""
"NVIDIA GeForce GT 1030",0x10DE,0x1D01,32.0.15.6094,lat,ceil,mad,16384,2.3531,0.140253,10.127,6.127,"mad(ceil(x), c.x, c.y)",""
"NVIDIA GeForce GT 1030",0x10DE,0x1D01,32.0.15.6094,tput,round,mad,4,3.2297,0.006016,13.971,9.971,"mad(round(x), c.x, c.y)",""
"NVIDIA GeForce GT 1030",0x10DE,0x1D01,32.0.15.6094,dep,round,mad,32,3.1867,0.005936,11.766,7.766,"mad(round(x), c.x, c.y)",""
"NVIDIA GeForce GT 1030",0x10DE,0x1D01,32.0.15.6094,lat,round,mad,16384,2.3532,0.140259,10.127,6.127,"mad(round(x), c.x, c.y)",""
"NVIDIA GeForce GT 1030",0x10DE,0x1D01,32.0.15.6094,tput,frac,mad,4,3.2307,0.006018,13.976,9.976,"mad(frac(x), c.x, c.y)",""
"NVIDIA GeForce GT 1030",0x10DE,0x1D01,32.0.15.6094,dep,frac,mad,32,3.4150,0.006361,12.609,8.609,"mad(frac(x), c.x, c.y)",""
"NVIDIA GeForce GT 1030",0x10DE,0x1D01,32.0.15.6094,lat,frac,mad,16384,3.2623,0.194450,14.040,10.040,"mad(frac(x), c.x, c.y)",""
"NVIDIA GeForce GT 1030",0x10DE,0x1D01,32.0.15.6094,tput,sign,sub,2,2.0869,0.007774,18.055,10.538,"mad(sign(x - c.z), c.x, c.y)","sign of a difference"
"NVIDIA GeForce GT 1030",0x10DE,0x1D01,32.0.15.6094,dep,sign,sub,16,2.7433,0.010220,20.257,10.858,"mad(sign(x - c.z), c.x, c.y)","sign of a difference"
"NVIDIA GeForce GT 1030",0x10DE,0x1D01,32.0.15.6094,lat,sign,sub,8192,2.2046,0.262814,18.976,10.858,"mad(sign(x - c.z), c.x, c.y)","sign of a difference"
"NVIDIA GeForce GT 1030",0x10DE,0x1D01,32.0.15.6094,tput,step,mad,4,2.5024,0.004661,10.825,6.825,"mad(step(c.z, x), c.x, c.y)",""
"NVIDIA GeForce GT 1030",0x10DE,0x1D01,32.0.15.6094,dep,step,mad,32,2.8989,0.005400,10.703,6.703,"mad(step(c.z, x), c.x, c.y)",""
"NVIDIA GeForce GT 1030",0x10DE,0x1D01,32.0.15.6094,lat,step,mad,32768,3.7724,0.112427,8.117,4.117,"mad(step(c.z, x), c.x, c.y)",""
"NVIDIA GeForce GT 1030",0x10DE,0x1D01,32.0.15.6094,tput,select,mad,4,3.7079,0.006907,16.040,12.040,"mad(x < c.z ? c.w : x, c.x, c.y)","compare + cndmask"
"NVIDIA GeForce GT 1030",0x10DE,0x1D01,32.0.15.6094,dep,select,mad,16,2.0951,0.007805,15.471,11.471,"mad(x < c.z ? c.w : x, c.x, c.y)","compare + cndmask"
"NVIDIA GeForce GT 1030",0x10DE,0x1D01,32.0.15.6094,lat,select,mad,16384,3.8103,0.227112,16.398,12.398,"mad(x < c.z ? c.w : x, c.x, c.y)","compare + cndmask"
"NVIDIA GeForce GT 1030",0x10DE,0x1D01,32.0.15.6094,tput,lerp,mad,4,2.6733,0.004979,11.564,7.564,"mad(lerp(c.z, x, c.w), c.x, c.y)",""
"NVIDIA GeForce GT 1030",0x10DE,0x1D01,32.0.15.6094,dep,lerp,mad,16,2.0794,0.007746,15.355,11.355,"mad(lerp(c.z, x, c.w), c.x, c.y)",""
"NVIDIA GeForce GT 1030",0x10DE,0x1D01,32.0.15.6094,lat,lerp,mad,16384,2.7800,0.165701,11.964,7.964,"mad(lerp(c.z, x, c.w), c.x, c.y)",""
"NVIDIA GeForce GT 1030",0x10DE,0x1D01,32.0.15.6094,tput,rcp,mad,4,3.2297,0.006016,13.971,9.971,"mad(rcp(x), c.x, c.y)",""
"NVIDIA GeForce GT 1030",0x10DE,0x1D01,32.0.15.6094,dep,rcp,mad,32,3.1867,0.005936,11.766,7.766,"mad(rcp(x), c.x, c.y)",""
"NVIDIA GeForce GT 1030",0x10DE,0x1D01,32.0.15.6094,lat,rcp,mad,16384,2.3532,0.140259,10.127,6.127,"mad(rcp(x), c.x, c.y)",""
"NVIDIA GeForce GT 1030",0x10DE,0x1D01,32.0.15.6094,tput,div,mad,4,3.2307,0.006018,13.976,9.976,"mad(c.z / x, c.x, c.y)","c / x"
"NVIDIA GeForce GT 1030",0x10DE,0x1D01,32.0.15.6094,dep,div,mad,32,3.1867,0.005936,11.766,7.766,"mad(c.z / x, c.x, c.y)","c / x"
"NVIDIA GeForce GT 1030",0x10DE,0x1D01,32.0.15.6094,lat,div,mad,16384,2.3999,0.143045,10.328,6.328,"mad(c.z / x, c.x, c.y)","c / x"
"NVIDIA GeForce GT 1030",0x10DE,0x1D01,32.0.15.6094,tput,divxy,add,4,3.2317,0.006020,13.980,6.463,"mad(x / (x + c.z), c.x, c.y)","x / y"
"NVIDIA GeForce GT 1030",0x10DE,0x1D01,32.0.15.6094,dep,divxy,add,16,2.2436,0.008358,16.567,7.168,"mad(x / (x + c.z), c.x, c.y)","x / y"
"NVIDIA GeForce GT 1030",0x10DE,0x1D01,32.0.15.6094,lat,divxy,add,8192,2.0518,0.244598,17.661,9.543,"mad(x / (x + c.z), c.x, c.y)","x / y"
"NVIDIA GeForce GT 1030",0x10DE,0x1D01,32.0.15.6094,tput,sqrt,mad,4,3.2297,0.006016,13.971,9.971,"mad(sqrt(x), c.x, c.y)",""
"NVIDIA GeForce GT 1030",0x10DE,0x1D01,32.0.15.6094,dep,sqrt,mad,32,3.1867,0.005936,11.766,7.766,"mad(sqrt(x), c.x, c.y)",""
"NVIDIA GeForce GT 1030",0x10DE,0x1D01,32.0.15.6094,lat,sqrt,mad,16384,2.3532,0.140259,10.127,6.127,"mad(sqrt(x), c.x, c.y)",""
"NVIDIA GeForce GT 1030",0x10DE,0x1D01,32.0.15.6094,tput,rsqrt,mad,4,3.2297,0.006016,13.971,9.971,"mad(rsqrt(x), c.x, c.y)",""
"NVIDIA GeForce GT 1030",0x10DE,0x1D01,32.0.15.6094,dep,rsqrt,mad,16,1.6033,0.005973,11.839,7.839,"mad(rsqrt(x), c.x, c.y)",""
"NVIDIA GeForce GT 1030",0x10DE,0x1D01,32.0.15.6094,lat,rsqrt,mad,16384,2.3532,0.140259,10.127,6.127,"mad(rsqrt(x), c.x, c.y)",""
"NVIDIA GeForce GT 1030",0x10DE,0x1D01,32.0.15.6094,tput,exp2,mad,4,3.2316,0.006019,13.979,9.979,"mad(exp2(x), c.x, c.y)",""
"NVIDIA GeForce GT 1030",0x10DE,0x1D01,32.0.15.6094,dep,exp2,mad,32,3.7079,0.006907,13.690,9.690,"mad(exp2(x), c.x, c.y)",""
"NVIDIA GeForce GT 1030",0x10DE,0x1D01,32.0.15.6094,lat,exp2,mad,16384,3.2072,0.191162,13.802,9.802,"mad(exp2(x), c.x, c.y)",""
"NVIDIA GeForce GT 1030",0x10DE,0x1D01,32.0.15.6094,tput,log2,mad,4,3.2305,0.006017,13.975,9.975,"mad(log2(x), c.x, c.y)",""
"NVIDIA GeForce GT 1030",0x10DE,0x1D01,32.0.15.6094,dep,log2,mad,32,3.1876,0.005937,11.769,7.769,"mad(log2(x), c.x, c.y)",""
"NVIDIA GeForce GT 1030",0x10DE,0x1D01,32.0.15.6094,lat,log2,mad,16384,2.3532,0.140259,10.127,6.127,"mad(log2(x), c.x, c.y)",""
"NVIDIA GeForce GT 1030",0x10DE,0x1D01,32.0.15.6094,tput,exp,mad,4,3.2315,0.006019,13.979,9.979,"mad(exp(x), c.x, c.y)","fxc: mul + exp2"
"NVIDIA GeForce GT 1030",0x10DE,0x1D01,32.0.15.6094,dep,exp,mad,16,2.3030,0.008579,17.006,13.006,"mad(exp(x), c.x, c.y)","fxc: mul + exp2"
"NVIDIA GeForce GT 1030",0x10DE,0x1D01,32.0.15.6094,lat,exp,mad,8192,2.0519,0.244610,17.661,13.661,"mad(exp(x), c.x, c.y)","fxc: mul + exp2"
"NVIDIA GeForce GT 1030",0x10DE,0x1D01,32.0.15.6094,tput,log,mad,4,3.2307,0.006018,13.976,9.976,"mad(log(x), c.x, c.y)","fxc: log2 + mul"
"NVIDIA GeForce GT 1030",0x10DE,0x1D01,32.0.15.6094,dep,log,mad,32,3.1867,0.005936,11.766,7.766,"mad(log(x), c.x, c.y)","fxc: log2 + mul"
"NVIDIA GeForce GT 1030",0x10DE,0x1D01,32.0.15.6094,lat,log,mad,16384,2.4269,0.144655,10.444,6.444,"mad(log(x), c.x, c.y)","fxc: log2 + mul"
"NVIDIA GeForce GT 1030",0x10DE,0x1D01,32.0.15.6094,tput,pow,mad,2,3.2317,0.012039,27.960,23.960,"mad(pow(x, c.z), c.x, c.y)","fxc: log2, mul, exp2"
"NVIDIA GeForce GT 1030",0x10DE,0x1D01,32.0.15.6094,dep,pow,mad,16,3.1887,0.011879,23.546,19.546,"mad(pow(x, c.z), c.x, c.y)","fxc: log2, mul, exp2"
"NVIDIA GeForce GT 1030",0x10DE,0x1D01,32.0.15.6094,lat,pow,mad,8192,2.7382,0.326416,23.568,19.568,"mad(pow(x, c.z), c.x, c.y)","fxc: log2, mul, exp2"
"NVIDIA GeForce GT 1030",0x10DE,0x1D01,32.0.15.6094,tput,sin,mad,4,3.2317,0.006020,13.980,9.980,"mad(sin(x), c.x, c.y)",""
"NVIDIA GeForce GT 1030",0x10DE,0x1D01,32.0.15.6094,dep,sin,mad,32,3.7089,0.006908,13.694,9.694,"mad(sin(x), c.x, c.y)",""
"NVIDIA GeForce GT 1030",0x10DE,0x1D01,32.0.15.6094,lat,sin,mad,16384,3.2068,0.191139,13.801,9.801,"mad(sin(x), c.x, c.y)",""
"NVIDIA GeForce GT 1030",0x10DE,0x1D01,32.0.15.6094,tput,cos,mad,4,3.2317,0.006020,13.980,9.980,"mad(cos(x), c.x, c.y)",""
"NVIDIA GeForce GT 1030",0x10DE,0x1D01,32.0.15.6094,dep,cos,mad,16,1.8760,0.006989,13.853,9.853,"mad(cos(x), c.x, c.y)",""
"NVIDIA GeForce GT 1030",0x10DE,0x1D01,32.0.15.6094,lat,cos,mad,16384,3.2070,0.191153,13.802,9.802,"mad(cos(x), c.x, c.y)",""
"NVIDIA GeForce GT 1030",0x10DE,0x1D01,32.0.15.6094,tput,rcpmax,mad,4,3.2314,0.006019,13.979,9.979,"mad(max(rcp(x), c.z), c.x, c.y)","base for the omod tests"
"NVIDIA GeForce GT 1030",0x10DE,0x1D01,32.0.15.6094,dep,rcpmax,mad,32,3.6075,0.006719,13.319,9.319,"mad(max(rcp(x), c.z), c.x, c.y)","base for the omod tests"
"NVIDIA GeForce GT 1030",0x10DE,0x1D01,32.0.15.6094,lat,rcpmax,mad,16384,3.2901,0.196106,14.159,10.159,"mad(max(rcp(x), c.z), c.x, c.y)","base for the omod tests"
"NVIDIA GeForce GT 1030",0x10DE,0x1D01,32.0.15.6094,tput,omod2,rcpmax,4,3.2317,0.006020,13.980,0.001,"mad(max(rcp(x) * 2.0, c.z), c.x, c.y)","AMD: output modifier, ~0"
"NVIDIA GeForce GT 1030",0x10DE,0x1D01,32.0.15.6094,dep,omod2,rcpmax,16,2.2272,0.008297,16.446,3.127,"mad(max(rcp(x) * 2.0, c.z), c.x, c.y)","AMD: output modifier, ~0"
"NVIDIA GeForce GT 1030",0x10DE,0x1D01,32.0.15.6094,lat,omod2,rcpmax,8192,2.0705,0.246819,17.821,3.662,"mad(max(rcp(x) * 2.0, c.z), c.x, c.y)","AMD: output modifier, ~0"
"NVIDIA GeForce GT 1030",0x10DE,0x1D01,32.0.15.6094,tput,omodhalf,rcpmax,4,3.2307,0.006018,13.976,-0.003,"mad(max(rcp(x) * 0.5, c.z), c.x, c.y)","AMD: output modifier, ~0"
"NVIDIA GeForce GT 1030",0x10DE,0x1D01,32.0.15.6094,dep,omodhalf,rcpmax,16,2.2269,0.008296,16.444,3.125,"mad(max(rcp(x) * 0.5, c.z), c.x, c.y)","AMD: output modifier, ~0"
"NVIDIA GeForce GT 1030",0x10DE,0x1D01,32.0.15.6094,lat,omodhalf,rcpmax,8192,2.0705,0.246822,17.821,3.662,"mad(max(rcp(x) * 0.5, c.z), c.x, c.y)","AMD: output modifier, ~0"
"NVIDIA GeForce GT 1030",0x10DE,0x1D01,32.0.15.6094,tput,omod3,rcpmax,4,3.2315,0.006019,13.979,0.000,"mad(max(rcp(x) * 3.0, c.z), c.x, c.y)","control: not an omod scale"
"NVIDIA GeForce GT 1030",0x10DE,0x1D01,32.0.15.6094,dep,omod3,rcpmax,16,2.2262,0.008293,16.439,3.119,"mad(max(rcp(x) * 3.0, c.z), c.x, c.y)","control: not an omod scale"
"NVIDIA GeForce GT 1030",0x10DE,0x1D01,32.0.15.6094,lat,omod3,rcpmax,8192,2.0705,0.246826,17.821,3.662,"mad(max(rcp(x) * 3.0, c.z), c.x, c.y)","control: not an omod scale"
"NVIDIA GeForce GT 1030",0x10DE,0x1D01,32.0.15.6094,tput,max3,max,2,2.0767,0.007736,17.967,7.141,"mad(max(max(x, c.z), c.w), c.x, c.y)","AMD: v_max3, ~0"
"NVIDIA GeForce GT 1030",0x10DE,0x1D01,32.0.15.6094,dep,max3,max,16,2.0511,0.007641,15.146,4.443,"mad(max(max(x, c.z), c.w), c.x, c.y)","AMD: v_max3, ~0"
"NVIDIA GeForce GT 1030",0x10DE,0x1D01,32.0.15.6094,lat,max3,max,16384,2.7607,0.164551,11.881,3.750,"mad(max(max(x, c.z), c.w), c.x, c.y)","AMD: v_max3, ~0"
"NVIDIA GeForce GT 1030",0x10DE,0x1D01,32.0.15.6094,tput,minmax,max,2,2.0766,0.007736,17.966,7.141,"mad(min(max(x, c.z), c.w), c.x, c.y)","AMD: v_minmax / v_med3, ~0"
"NVIDIA GeForce GT 1030",0x10DE,0x1D01,32.0.15.6094,dep,minmax,max,16,2.0500,0.007637,15.138,4.435,"mad(min(max(x, c.z), c.w), c.x, c.y)","AMD: v_minmax / v_med3, ~0"
"NVIDIA GeForce GT 1030",0x10DE,0x1D01,32.0.15.6094,lat,minmax,max,16384,2.7617,0.164612,11.885,3.755,"mad(min(max(x, c.z), c.w), c.x, c.y)","AMD: v_minmax / v_med3, ~0"
"NVIDIA GeForce GT 1030",0x10DE,0x1D01,32.0.15.6094,tput,contract,mad,8,3.6741,0.003422,7.947,3.947,"mad(x * c.z + c.w, c.x, c.y)","mul + add: one fma like mad2?"
"NVIDIA GeForce GT 1030",0x10DE,0x1D01,32.0.15.6094,dep,contract,mad,32,3.3137,0.006172,12.234,8.234,"mad(x * c.z + c.w, c.x, c.y)","mul + add: one fma like mad2?"
"NVIDIA GeForce GT 1030",0x10DE,0x1D01,32.0.15.6094,lat,contract,mad,32768,3.8840,0.115753,8.358,4.358,"mad(x * c.z + c.w, c.x, c.y)","mul + add: one fma like mad2?"
"NVIDIA GeForce GT 1030",0x10DE,0x1D01,32.0.15.6094,tput,satmad,mad2,8,3.6741,0.003422,7.947,0.000,"mad(saturate(mad(x, c.z, c.w)), c.x, c.y)","saturate as output modifier, ~0"
"NVIDIA GeForce GT 1030",0x10DE,0x1D01,32.0.15.6094,dep,satmad,mad2,32,3.3137,0.006172,12.234,0.000,"mad(saturate(mad(x, c.z, c.w)), c.x, c.y)","saturate as output modifier, ~0"
"NVIDIA GeForce GT 1030",0x10DE,0x1D01,32.0.15.6094,lat,satmad,mad2,32768,3.8848,0.115775,8.359,0.002,"mad(saturate(mad(x, c.z, c.w)), c.x, c.y)","saturate as output modifier, ~0"
